{
    "ResponseStatus": {
        "ReturnCode": "0",
        "ErrorMsg": ""
    },
    "ResponseData": {
        "Exception": {
            "Code": "0",
            "Msg": ""
        },
        "Get_Customer_Info_V13_Resp": {
            "Unauth_Record_Exist": "",
            "Cb_Cust_Info": {
                "Cb_Online_Sysdate": "20200410",
                "Cb_Cust_No": "118800",
                "Short_Name": "SHORT.NAME118800",
                "Is_Individual": "Y",
                "Customer_Since": "19970530",
                "Trade_Name": "",
                "Narrative": "",
                "Ind_Specifics": {
                    "Name": {
                        "Title": "MISS",
                        "Given_Names": "GIVEN NAMES118800",
                        "Family_Name": "FAMILY NAME118800",
                        "Maiden_Name": "MAIDEN NAME118800"
                    },
                    "Other": {
                        "Date_Of_Birth": "19910308",
                        "Is_Minor": "N",
                        "Is_Mcb_Staff": "N",
                        "Is_Pep": "N",
                        "Gender": "FEMALE",
                        "Marital_Status": "SIN",
                        "Marital_Status_Desc": "SINGLE",
                        "No_Of_Dependents": "",
                        "Country_Birth": "MU"
                    },
                    "Educat_Info": {
                        "Educat_Level": "08",
                        "Educat_Level_Desc": "UNIVERSITY"
                    },
                    "Relation": [
                        {
                            "Relation_Code": "",
                            "Relation_Desc": "",
                            "Rel_Customer": "",
                            "Rel_Customer_Name": ""
                        }
                    ],
                    "Occupation_Info": {
                        "Employed_By": "A",
                        "Employed_By_Desc": "PRIVATE COMPANIES (CORPORATE)",
                        "Unemp_Details": {
                            "UE_TYP_MCB": "",
                            "UE_TYP_Desc": "",
                            "UE_TYP_OTH_MCB": ""
                        },
                        "Occupation": {
                            "Job_Description": "ADMINISTRATIVE ASSISTANT",
                            "Working_Contract": "N",
                            "Work_PMTFLG_MCB": "NO",
                            "Work_Permit": {
                                "Permit_REF_MCB": "",
                                "Work_PMTNAT_MCB": "",
                                "Work_PMTST_MCB": "",
                                "Work_PMTEXP_MCB": ""
                            },
                            "Occupations": [
                                {
                                    "Occupation_Id": "40000",
                                    "Occupation_Desc": "CLERKS",
                                    "Employers_Buss": "5050",
                                    "Employment": {
                                        "Employers_Name": "BARIN CO LTD",
                                        "Employment_Start": "20170901",
                                        "Income_Info": {
                                            "Salary_Date_Freq": "",
                                            "Customer_Currency": "MUR",
                                            "Salary": "15000.00"
                                        }
                                    }
                                }
                            ]
                        }
                    },
                    "Sourceofincome_Info": {
                        "Pur_Of_Rel_MCB": "Savings",
                        "Pur_RelDESC_MCB": "",
                        "SrcofIncomes": [
                            {
                                "Income_Src_Mcb": "",
                                "Income_Oth_Mcb": "",
                                "Income_Ccy_Mcb": "",
                                "Income_Amt_Mcb": "",
                                "Income_Fqu_Mcb": "",
                                "Income_End_Mcb": ""
                            }
                        ]
                    }
                },
                "Nind_Specifics": {
                    "Name": {
                        "Name_1": "NAME-1118800",
                        "Name_2": "",
                        "Regis_Name_1": ""
                    },
                    "Other": {
                        "Birth_Incorp_Date": ""
                    },
                    "Risk_Grp_Info": {
                        "Risk_Grp": "",
                        "Risk_Grp_Name": ""
                    },
                    "CountryRisk": {
                        "CountryCodeRisk": "",
                        "CNTR_Of_ECO_INT": ""
                    },
                    "Industry_Info": {
                        "Industry": "",
                        "Industry_Desc": ""
                    },
                    "Business_Certificates": [
                        {
                            "Buss_Cert": "",
                            "Cert_Exp_Date": ""
                        }
                    ],
                    "ListedStockExchange": {
                        "Lst_Stk_Exc_MCB": "",
                        "Lst_Stk_Exc_MCB_Desc": ""
                    },
                    "ShareHolding_Info": {
                        "Shared_Capital": "",
                        "Tot_Num_Shares": "",
                        "Share_Holders": [
                            {
                                "Shar_Holder_MCB": "",
                                "Customer_Name": "",
                                "Per_Share_MCB": ""
                            }
                        ],
                        "MoreShareHolders": [
                            {
                                "Cnt_Sharehldrs": ""
                            }
                        ]
                    },
                    "BeneficialOwners": [
                        {
                            "Ben_Owner_Mcb": "",
                            "Ben_Owner_Ctl_Mcb": ""
                        }
                    ],
                    "Officials": [
                        {
                            "New_Off_Id": "",
                            "Customer_Name": "",
                            "Capacity": {
                                "New_Off_Cap": "",
                                "New_Off_Cap_Desc": "",
                                "New_Off_Add": ""
                            }
                        }
                    ],
                    "Power": [
                        {
                            "Powers": "",
                            "Powers_Desc": ""
                        }
                    ],
                    "Sign_Doc_Deeds": ""
                },
                "Cust_Status_Info": {
                    "Aces_Restr_Type": "100",
                    "Aces_Restr_Type_Desc": "NON-SENSITIVE CUSTOMER",
                    "Is_Sensitive_Customer": "N",
                    "Customer_Status": "10",
                    "Customer_Status_Desc": "ACTIVE",
                    "Is_Active_Customer": "Y",
                    "Last_Kyc_Review_Date": "20190411",
                    "DT_Last_KYC_Upd_MCB": "N",
                    "KYC_Exp_Sub_MCB": "",
                    "Caution_Listed": "N",
                    "Contentieux_STS": "N",
                    "OBRA_Info": {
                        "ONBRD_MTHD_MCB": "FACE TO FACE",
                        "OBRA_Status_MCB": "",
                        "OBRA_COMM_MCB": "",
                        "OBRA_Score_MCB": "",
                        "OBRA_UPD_ON_MCB": "",
                        "OBRA_Screening": {
                            "OBRA_SR_REF_MCB": "",
                            "OBRA_SR_UPD_MCB": ""
                        }
                    },
                    "Risk_Score_Info": {
                        "Risk_Score_Value": "",
                        "Risk_Score_UPD_Date": ""
                    },
                    "Info_Marker": [
                        {
                            "Cu_Info_Marker": "",
                            "Cu_Info_Comment": "",
                            "Info_Strt_Date": "LOW",
                            "Info_End_Date": "20150618"
                        }
                    ],
                    "Post_Restr": [
                        {
                            "Posting_Restrict": "",
                            "Posting_Restrict_Desc": "",
                            "Restriction_Type": "",
                            "Pr_Narrative": ""
                        }
                    ],
                    "Exe_Cash_Limit": ""
                },
                "Contact_Info": {
                    "Language": "",
                    "Language_Desc": "",
                    "Comm_Channel": "",
                    "Mail_Cancelled": "",
                    "Phones": [
                        {
                            "Phone": ""
                        }
                    ],
                    "Off_Phones": [
                        {
                            "Off_Phone": ""
                        }
                    ],
                    "Faxes": [
                        {
                            "Fax": ""
                        }
                    ],
                    "Sms": {
                        "Mob_Oper_Iso": "N",
                        "Mob_Oper_Code": "85962552",
                        "Sms_Formatted": "58963258",
                        "Sms_Items": [
                            {
                                "Sms_1": "5896235"
                            }
                        ]
                    },
                    "Emails": [
                        {
                            "Email": "50"
                        }
                    ]
                },
                "Valid_Signatures": [
                    {
                        "Sig_Image_Key": "MTMLMU",
                        "Sig_Short_Description": "+23058250698",
                        "Signatory_Cir": "+23058250698",
                        "Channel_Ref": {
                            "Channel_Id": "test@gmail.com",
                            "Channel_Reqid": ""
                        }
                    }
                ],
                "Legal_Info": {
                    "Valid_Legal": [
                        {
                            "Legal_Id": "",
                            "Legal_Doc_Name": "",
                            "Legal_Iss_Auth": "",
                            "Legal_Iss_Date": "",
                            "Legal_Exp_Date": "",
                            "Countryofissue": "K0803910463332"
                        }
                    ]
                },
                "Company_Book": "NIC",
                "Inputter": "GOVT OF MTIUS",
                "Input_Sign_On": "20140113",
                "Date_Time": "21171231",
                "Authoriser": "MU",
                "Auth_Sign_On": "",
                "Co_Code": "",
                "CustomerSegment_Info": {
                    "Legal_Status": {
                        "Id": "",
                        "Desc": "",
                        "Is_Taxable": "MU0010008"
                    },
                    "Sector_Info": {
                        "Sector": "SYS-SECIB",
                        "Sector_Desc": "SYSSECIB",
                        "CB_Sector_Code": "202005061549",
                        "CB_Sector_Desc": "SYS-SECIB"
                    },
                    "Target_Info": {
                        "Target": "SYSSECIB",
                        "Target_Desc": "MU0010001",
                        "VIP": ""
                    },
                    "Excess_Category_Info": {
                        "Category": "",
                        "Category_Desc": ""
                    },
                    "Cb_Class_Info": {
                        "Cb_Class": "1000",
                        "Cb_Class_Desc": "INDIVIDUAL"
                    },
                    "Corporate_Scheme": {
                        "Corp_Scheme": "1600",
                        "Corp_Scheme_Desc": "PERSONAL",
                        "Def_Charge_Code": "1020",
                        "Def_Charge_Frequency": "MASS",
                        "Charge_Applies": ""
                    },
                    "Classifications": [
                        {
                            "Classification": "0018",
                            "Classification_Desc": "AUTO BOUNCE"
                        }
                    ],
                    "Ifrs_Clasif_MCB": "12"
                },
                "Charges": [
                    {
                        "Charge_Code": "OTHER RESIDENTS SECTOR",
                        "Charge_Frequency": "",
                        "Debit_Account_Number": ""
                    }
                ],
                "Country_Info": {
                    "Residence": "",
                    "Residence_Num": "",
                    "Residence_Desc": "",
                    "Residence_Since_Date": "",
                    "Residence_Status": "",
                    "Residence_Status_Desc": "OT",
                    "Res_Status": "",
                    "Is_Sensitive_Residence": "",
                    "Nationality_Info": {
                        "Nationality": "",
                        "Nationality_Num": "MU",
                        "Nationality_Desc": ""
                    },
                    "OtherNationalities": [
                        {
                            "Other_Nationality": "MAURITIUS",
                            "Other_Nationality_Num": "19910308",
                            "Other_Nationality_Desc": "L"
                        }
                    ]
                },
                "TaxRegimes": [
                    {
                        "Country_Tax_Mcb": "LIVING WITH RELATIVE",
                        "Tax_Regim_Mcb": "RE",
                        "Recalcitrant_Mcb": "N",
                        "Tax_Class_Mcb": "MU",
                        "Tax_Class_Mcb_Desc": "480",
                        "Tax_Report_Mcb": "MAURITIUS",
                        "Tax_Number_Mcb": "",
                        "Taxable_Mcb": ""
                    }
                ],
                "De_Addrs": [
                    {
                        "De_Address_Id": "",
                        "Short_Name": "",
                        "Name_1": "",
                        "Name_2": "",
                        "Contact_Add": "",
                        "Street_Addr": "",
                        "Address_Line2": "",
                        "Address_Line3": "",
                        "Town_Country": "",
                        "Post_Code": "",
                        "Country": "",
                        "Country_Code": "",
                        "Country_Code_Num": "",
                        "Despatch_Code": ""
                    }
                ],
                "De_Emails": [
                    {
                        "De_Address_Id": "",
                        "Short_Name": "",
                        "Email": ""
                    }
                ],
                "BankOfficers": {
                    "AO": {
                        "AO_DAO_ID": "",
                        "AO_Sign_On": "",
                        "AO_Name": "",
                        "AO_BU_Code": "",
                        "AO_BU_Name": "",
                        "AO_Tel_No": "",
                        "AO_Email_Address": ""
                    },
                    "Alt_AO": {
                        "Alt_AO_DAO_ID": "",
                        "Alt_AO_Sign_On": "",
                        "Alt_AO_Name": "",
                        "Alt_AO_Tel_No": "",
                        "Alt_AO_Email_Address": ""
                    },
                    "CO": {
                        "CO_DAO_ID": "",
                        "CO_Sign_On": "",
                        "CO_Name": "",
                        "CO_Tel_No": "",
                        "CO_Email_Address": ""
                    },
                    "Alt_CO": {
                        "Alt_CO_DAO_ID": "",
                        "Alt_CO_Sign_On": "",
                        "Alt_CO_Name": "",
                        "Alt_CO_Tel_No": "",
                        "Alt_Co_Email_Address": ""
                    },
                    "CA": {
                        "CA_DAO_ID": "",
                        "CA_Sign_On": "",
                        "CA_Name": "",
                        "CA_Tel_No": "",
                        "CA_Email_Address": ""
                    },
                    "Alt_CA": {
                        "Alt_CA_DAO_ID": "",
                        "Alt_CA_Sign_On": "",
                        "Alt_CA_Name": "",
                        "Alt_CA_Tel_No": "",
                        "Alt_CA_Email_Address": ""
                    }
                }
            }
        }
    }
}