{
  
    "Responsestatus": {
      "Returncode": "",
      "Errormsg": ""
    },
    "ResponseData": {
      "Exception": {
        "Code": "",
        "Msg": ""
      },
	  "Get_Customer_Info_V13_Resp":{
      "Unauth_Record_Exist": "5",
      "Cb_Cust_Info": {
        "Cb_Online_Sysdate": "6",
        "Cb_Cust_No": "7",
        "Short_Name": "8",
        "Is_Individual": "9",
        "Customer_Since": "10",
        "Trade_Name": "11",
        "Narrative": "12",
        "Ind_Specifics": {
          "Name": {
            "Title": "13",
            "Given_Names": "14",
            "Family_Name": "15",
            "Maiden_Name": "16"
          },
         
          "Other": {
            "Date_Of_Birth": "17",
            "Is_Minor": "18",
            "Is_Mcb_Staff": "19",
            "Is_Pep": "20",
            "Gender": "21",
            "Marital_Status": "22",
            "Marital_Status_Desc": "23",
            "No_Of_Dependents": "24",
            "Country_Birth": "25"
          },
          
          "Educat_Info": {
            "Educat_Level": "26",
            "Educat_Level_Desc": "27"
          },
          "Relation": [{
            
            "Relation_Code": "28",
            "Relation_Desc": "29",
            "Rel_Customer": "30",
            "Rel_Customer_Name": "31"
          }],
          "Occupation_Info": {
            "Employed_By": "32",
            "Employed_By_Desc": "33",
            "Unemp_Details": {
              "UE_TYP_MCB": "34",
              "UE_TYP_Desc": "35",
              "UE_TYP_OTH_MCB": "36"
            },
            "Occupation": {
              "Job_Description": "37",
              "Working_Contract": "38",
              "Work_PMTFLG_MCB": "39",
              "Work_Permit": {
                "Permit_REF_MCB": "40",
                "Work_PMTNAT_MCB": "41",
                "Work_PMTST_MCB": "42",
                "Work_PMTEXP_MCB": "43"
              },
              "Occupations": [{
                
                    "Occupation_Id": "44",
                    "Occupation_Desc": "45",
                    "Employers_Buss": "46",
                    "Employment": {
                      "Employers_Name": "47",
                      "Employment_Start": "48",
                      "Income_Info": {
                        "Salary_Date_Freq": "49",
                        "Customer_Currency": "50",
                        "Salary": ""
                      }
                    }
                  
              }]
            }
          },
          "Sourceofincome_Info": {
            "Pur_Of_Rel_MCB": "52",
            "Pur_RelDESC_MCB": "53",
            "Srcofincome_List": [{
              
                  "Income_Src_Mcb": "54",
                  "Income_Oth_Mcb": "55",
                  "Income_Ccy_Mcb": "56",
                  "Income_Amt_Mcb": "57",
                  "Income_Fqu_Mcb": "58",
                  "Income_End_Mcb": "59"
                
            }]
          }
        },
        "Nind_Specifics": {
          "Name": {
            "Name_1": "60",
            "Name_2": "61",
			"Regis_Name_1": "62"
          },
          "Other": {
            "Birth_Incorp_Date": "63"
          },
          "Risk_Grp_Info": {
            "Risk_Grp": "64",
            "Risk_Grp_Name": "65"
          },
          "CountryRisk": {
            "CountryCodeRisk": "66",
            "CNTR_Of_ECO_INT": "67"
          },
          "Industry_Info": {
            "Industry": "68",
            "Industry_Desc": "69"
          },
		  "Business_Certificate":[{
		  "Buss_Cert":"70",
		  "Cert_Exp_Date" : "71",
		  
		  }],
		  "ListedStockExchange" : {
		  "Lst_Stk_Exc_MCB" : "72",
		  "Lst_Stk_Exc_MCB_Desc" :"73"
		  },
		  "ShareHolding_Info" : {
		  "Shared_Capital" : "74",
		  "Tot_Num_Shares" : "75",
          "Share_Holder_List": [{
            "Shar_Holder_MCB" : "76",
			"Customer_Name" : "77",
			"Num_Shares_MCB" : "78",
			"Per_Share_MCB" : "79"
          }],
		  "MoreShareHolder_List" : [{
		  "Cnt_Sharehldrs" : "80"
		  }]
		  },
		  "BeneficialOwner_List" : [{
		  "Ben_Owner_Mcb": "81",
		  "Ben_Owner_Ctl_Mcb" : "82"
		  }],
          "Official_List": [{
            "New_Off_Id" : "83",
			"Customer_Name" : "84",
			"Capacity" : {
			"New_Off_Cap" : "85",
			"New_Off_Cap_Desc" : "86",
			"New_Off_Add" : "87"
			}
          }],
		  "Powers_List" : [{
		  "Powers" : "88",
		  "Powers_Desc" : "89"
		  }],
		  "Sign_Doc_Deeds" : "90",
		  
        },
        "Cust_Status_Info": {
          "Aces_Restr_Type": "91",
          "Aces_Restr_Type_Desc": "92",
          "Is_Sensitive_Customer": "93",
          "Customer_Status": "94",
          "Customer_Status_Desc": "95",
          "Is_Active_Customer": "96",
          "Last_Kyc_Review_Date": "97",
          "DT_Last_KYC_Upd_MCB": "98",
          "KYC_Exp_Sub_MCB": "99",
          "Caution_Listed": "100",
          "Contentieux_STS": "101",
          "OBRA_Info": {
            "ONBRD_MTHD_MCB": "102",
            "OBRA_Status_MCB": "103",
            "OBRA_COMM_MCB": "104",
            "OBRA_Score_MCB": "105",
            "OBRA_UPD_ON_MCB": "106",
            "OBRA_Screening": {
              "OBRA_SR_REF_MCB": "107",
              "OBRA_SR_UPD_MCB": "108"
            }
          },
          "Risk_Score_Info": {
            "Risk_Score_Value": "109",
            "Risk_Score_UPD_Date": "110"
          },
          "Info_Marker": [{
                "Cu_Info_Marker": "111",
                "Cu_Info_Comment": "112",
                "Info_Strt_Date": "113",
                "Info_End_Date": "114"
              
            
          }],
          "Post_Restr": [{
           
              "Posting_Restrict": "115",
              "Posting_Restrict_Desc": "116",
              "Restriction_Type": "117",
              "Pr_Narrative": "118"
            
          }],
          "Exe_Cash_Limit": "119"
        },
        "Contact_Info": {
		"Language" : "120",
		"Language_Desc" : "121",
          "Comm_Channel": "122"
        
        },
		"Mail_Cancelled" : {
		"Phone" : [{
		"Phone_1" : "124"
		
		}],
		"Off_Phone" : [{
		"Off_Phone"  : "125"
		}],
		"Fax" : [{
		"Fax_1" : "126"
		}],
		"Sms" : [{
		"Mob_Oper_Iso" : "127",
		"Mob_Oper_Code" : "128",
		"Sms_Formatted" : "129",
		"Sms_1" : "130" ,
		
		}],
		"Email" : [{
		"Email_1" : "131"
		}]
		
		},
        "Valid_Signatures": [{
          
            
              "Sig_Image_Key": "132",
              "Sig_Short_Description": "133",
              "Signatory_Cir": "134",
              "Channel_Ref": {
                "Channel_Id": "135",
                "Channel_Reqid": "136"
              }
            
          
        }],
        "Legal_Info": {
          "Valid_Legal": [{
            
              
                "Legal_Id": "137",
                "Legal_Doc_Name": "138",
                "Legal_Iss_Auth": "139",
                "Legal_Iss_Date": "140",
                "Legal_Exp_Date": "141",
                "Countryofissue": "142"
              
            
          }]
        },
        "Company_Book": "143",
        "Inputter": "144",
        "Input_Sign_On": "145",
        "Date_Time": "146",
        "Authoriser": "147",
        "Auth_Sign_On": "148",
        "Co_Code": "149",
        "CustomerSegment_Info": {
		"Legal_Status" : {
		"Id" : "150",
		"Desc" : "151",
		"Is_Taxable" : "152"
		}
          "Sector_Info": {
            "Sector": "153",
            "Sector_Desc": "154",
            "CB_Sector_Code": "155",
            "CB_Sector_Desc": "156"
          },
          "Target_Info": {
            "Target": "157",
            "Target_Desc": "158",
            "VIP": "159"
          },
		  "Excess_Category_Info" : {
		  "Category" : "160",
		  "Category_Desc" : "161"
		  },
		  "Cb_Class_Info" : {
		  "Cb_Class" : "162",
		  "Cb_Class_Desc" : "163"
		  }
          "Corporate_Scheme": {
            "Corp_Scheme": "164",
            "Corp_Scheme_Desc": "165",
            "Def_Charge_Code": "166",
            "Def_Charge_Frequency": "167",
            "Charge_Applies": "168"
          },
          "Classification_List": [{
            
              
                "Classification": "169",
                "Classification_Desc": "170"
              
            
          }],
		  "Ifrs_Clasif_MCB" : "171"
        },
        "Charge_List": [{
          
            
              "Charge_Code": "172",
              "Charge_Frequency": "173",
              "Debit_Account_Number": "174"
            
          
        }],
        "Country_Info": {
          "Residence": "175",
          "Residence_Num": "176",
          "Residence_Desc": "177",
          "Residence_Since_Date": "178",
          "Residence_Status": "179",
          "Residence_Status_Desc": "180",
          "Res_Status": "181",
          "Is_Sensitive_Residence": "182",
		  "Nationality_Info" : {
		  "NAtionality" : "183",
		  "Nationality_Num" : "184",
		  "Nationality_Desc" : "185"
		  },
		  "OtherNationality_List" : [{
		  "Other_Nationality" : "186",
		  "Other_Nationality_Num" : "187",
		  "Other_Nationality_Desc": "188"
		  }]
		  
        },
		"TaxRegime_List" : [{
		"Country_Tax_Mcb" : "189",
		"Tax_Regim_Mcb" : "190",
		"Recalcitrant_Mcb" : "191",
		"Tax_Class_Mcb" :"192",
		"Tax_Class_Mcb_Desc" : "193",
		"Tax_Report_Mcb" : "194",
		"Tax_Number_Mcb" : "195",
		"Taxable_Mcb" : "196"
		}],
        "De_Addrs_List": [{
          
            
              "De_Address_Id": "197",
              "Short_Name": "198",
              "Name_1": "199",
              "Name_2": "200",
              "Contact_Add": "201",
              "Street_Addr": "202",
              "Address_Line2": "203",
              "Address_Line3": "204",
              "Town_Country": "205",
              "Post_Code": "206",
              "Country": "207",
              "Country_Code": "208",
              "Country_Code_Num": "209",
              "Despatch_Code": "210"
            
          
        }],
        "De_Emails": [{
          
            
              "De_Address_Id": "211",
              "Short_Name": "212",
              "Email_1": "213"
            
          
        }],
        "Bankofficers": {
          "AO": {
            "AO_DAO_ID": "214",
            "AO_Sign_On": "215",
            "AO_Name": "216",
            "AO_BU_Code": "217",
            "AO_BU_Name": "218",
            "AO_Tel_No": "219",
            "AO_Email_Address": "220"
          },
          "Alt_AO": {
            "Alt_AO_DAO_ID": "221",
            "Alt_AO_Sign_On": "222",
            "Alt_AO_Name": "223",
            "Alt_AO_Tel_No": "224",
            "Alt_AO_Email_Address": "225"
          },
          "CO": {
            "CO_DAO_ID": "",
            "CO_Sign_On": "227",
            "CO_Name": "228",
            "CO_Tel_No": "229",
            "CO_Email_Address": "230"
          },
          "Alt_CO": {
            "Alt_CO_DAO_ID": "231",
            "Alt_CO_Sign_On": "232",
            "Alt_CO_Name": "233",
            "Alt_CO_Tel_No": "234",
            "Alt_Co_Email_Address": "235"
          },
          "CA": {
            "CA_DAO_ID": "236",
            "Ca_Sign_On": "237",
            "CA_Name": "238",
            "CA_Tel_No": "239",
            "CA_Email_Address": "240"
          },
          "Alt_CA": {
            "Alt_CA_DAO_ID": "241",
            "Alt_CA_Sign_On": "242",
            "Alt_CA_Name": "243",
            "Alt_CA_Tel_No": "244",
            "Alt_CA_Email_Address": "245"
          }
        }
      }
    }
  }
}