{
    "Get_Customer_Info_V13_Req":{
       "Requestor":{
          "Channel_Id":"MA"
       },
       "Customer_Identif":{
          "Cb_Cust_No":"118000",
          "Legal_Identif":{
             "Legal_Doc_Name":"",
             "Legal_Id":"",
             "CountryOfIssue":""
          },
          "Mobile_No":{
             "CountryCode":"",
             "Number":""
          }
       },
       "Additional_Infos":[{
           "Additional_Info":""
       }
       ]
    }
 }