<?xml version="1.0" encoding="UTF-8"?>

<T24 xmlns:xsi="http://www.w3.org/2001/XMLSchema-instance" xmlns="http://www.temenos.com/T24/OFSML/130"
	xsi:schemaLocation="http://www.temenos.com/T24/OFSML/130 ofsml13.xsd">

	<serviceRequest>

		<securityContext>

			<company>MU0010001</company>

			<userName>ashwra</userName>

			<password>PASSWORD123</password>

		</securityContext>

		<ofsStandardEnquiry name="E.GN.CUST.INFO.13.MCB"
			responseType="STANDARD-OFSML">

			<selectionCriteria operand="EQ">

				<fieldName>CHANNEL.ID</fieldName>

				<value>MA</value>

			</selectionCriteria>

			<selectionCriteria operand="EQ">

				<fieldName>CB.CUST.NO</fieldName>

				<value>4593</value>

			</selectionCriteria>

			<selectionCriteria operand="EQ">

				<fieldName>LEGAL.DOC.NAME</fieldName>

				<value />

			</selectionCriteria>

			<selectionCriteria operand="EQ">

				<fieldName>LEGAL.ID</fieldName>

				<value />

			</selectionCriteria>

			<selectionCriteria operand="EQ">

				<fieldName>COUNTRY.OF.ISSUE</fieldName>

				<value />

			</selectionCriteria>

			<selectionCriteria operand="EQ">

				<fieldName>NUMBER</fieldName>

				<value />

			</selectionCriteria>

			<selectionCriteria operand="EQ">

				<fieldName>COUNTRY.CODE</fieldName>

				<value />

			</selectionCriteria>

			<selectionCriteria operand="EQ">

				<fieldName>ADDITIONAL.INFO</fieldName>

				<value>SIG_LIST]BANK_OFFICERS]INFO_MARKERS]POST_RESTR]CHARGE_LIST]SHAREHOLDING]OFFICIALS]TAX_REGIME]ADDR_EMAIL
				</value>

			</selectionCriteria>

		</ofsStandardEnquiry>

	</serviceRequest>

</T24>

 