<?xml version="1.0" encoding="UTF-8" standalone="no"?>

<T24 xmlns:xsi="http://www.w3.org/2001/XMLSchema-instance"
	xsi:schemaLocation="http://www.temenos.com/T24/OFSML/130 ofsml13.xsd"
	xmlns="http://www.temenos.com/T24/OFSML/130">

	<serviceResponse>

		<ofsStandardEnquiry name="E.GN.CUST.INFO.13.MCB"
			status="OK">

			<enquiryColumn id="RETURN.CODE" label="RETURN.CODE"
				type="ALPHANUMERIC" />

			<enquiryColumn id="ERROR.MSG" label="ERROR.MSG" type="ALPHANUMERIC" />

			<enquiryColumn id="RESPONSE.CODE" label="RESPONSE.CODE"
				type="ALPHANUMERIC" />

			<enquiryColumn id="RESPONSE.ERR.MSG" label="RESPONSE.ERR.MSG"
				type="ALPHANUMERIC" />

			<enquiryColumn id="UNAUTH.RECORD.EXIST" label="UNAUTH.RECORD.EXIST"
				type="ALPHANUMERIC" />

			<enquiryColumn id="CB.ONLINE.SYSDATE" label="CB.ONLINE.SYSDATE"
				type="ALPHANUMERIC" />

			<enquiryColumn id="CB.CUST.NO" label="CB.CUST.NO" type="ALPHANUMERIC" />

			<enquiryColumn id="SHORT.NAME" label="SHORT.NAME" type="ALPHANUMERIC" />

			<enquiryColumn id="IS.INDIVIDUAL" label="IS.INDIVIDUAL"
				type="ALPHANUMERIC" />

			<enquiryColumn id="CUSTOMER.SINCE" label="CUSTOMER.SINCE"
				type="ALPHANUMERIC" />

			<enquiryColumn id="TRADE.NAME" label="TRADE.NAME" type="ALPHANUMERIC" />

			<enquiryColumn id="NARRATIVE" label="NARRATIVE" type="ALPHANUMERIC" />

			<enquiryColumn id="TITLE" label="TITLE" type="ALPHANUMERIC" />

			<enquiryColumn id="GIVEN.NAMES" label="GIVEN.NAMES"
				type="ALPHANUMERIC" />

			<enquiryColumn id="FAMILY.NAME" label="FAMILY.NAME"
				type="ALPHANUMERIC" />

			<enquiryColumn id="MAIDEN.NAME" label="MAIDEN.NAME"
				type="ALPHANUMERIC" />

			<enquiryColumn id="DATE.OF.BIRTH" label="DATE.OF.BIRTH"
				type="ALPHANUMERIC" />

			<enquiryColumn id="IS.MINOR" label="IS.MINOR" type="ALPHANUMERIC" />

			<enquiryColumn id="IS.MCB.STAFF" label="IS.MCB.STAFF"
				type="ALPHANUMERIC" />

			<enquiryColumn id="IS.PEP" label="IS.PEP" type="ALPHANUMERIC" />

			<enquiryColumn id="GENDER" label="GENDER" type="ALPHANUMERIC" />

			<enquiryColumn id="MARITAL.STATUS" label="MARITAL.STATUS"
				type="ALPHANUMERIC" />

			<enquiryColumn id="MARITAL.STATUS.DESC" label="MARITAL.STATUS.DESC"
				type="ALPHANUMERIC" />

			<enquiryColumn id="NO.OF.DEPENDENTS" label="NO.OF.DEPENDENTS"
				type="ALPHANUMERIC" />

			<enquiryColumn id="COUNTRY.BIRTH" label="COUNTRY.BIRTH"
				type="ALPHANUMERIC" />

			<enquiryColumn id="EDUCAT.LEVEL" label="EDUCAT.LEVEL"
				type="ALPHANUMERIC" />

			<enquiryColumn id="EDUCAT.LEVEL.DESC" label="EDUCAT.LEVEL.DESC"
				type="ALPHANUMERIC" />

			<enquiryColumn id="RELATION.CODE" label="RELATION.CODE"
				type="ALPHANUMERIC" />

			<enquiryColumn id="RELATION.DESC" label="RELATION.DESC"
				type="ALPHANUMERIC" />

			<enquiryColumn id="REL.CUSTOMER" label="REL.CUSTOMER"
				type="ALPHANUMERIC" />

			<enquiryColumn id="REL.CUSTOMER.NAME" label="REL.CUSTOMER.NAME"
				type="ALPHANUMERIC" />

			<enquiryColumn id="EMPLOYED.BY" label="EMPLOYED.BY"
				type="ALPHANUMERIC" />

			<enquiryColumn id="EMPLOYED.BY.DESC" label="EMPLOYED.BY.DESC"
				type="ALPHANUMERIC" />

			<enquiryColumn id="UE.TYP.MCB" label="UE.TYP.MCB" type="ALPHANUMERIC" />

			<enquiryColumn id="UE.TYP.DESC" label="UE.TYP.DESC"
				type="ALPHANUMERIC" />

			<enquiryColumn id="UE.TYP.OTH.MCB" label="UE.TYP.OTH.MCB"
				type="ALPHANUMERIC" />

			<enquiryColumn id="JOB.DESCRIPTION" label="JOB.DESCRIPTION"
				type="ALPHANUMERIC" />

			<enquiryColumn id="WORKNG.CONTRACT" label="WORKNG.CONTRACT"
				type="ALPHANUMERIC" />

			<enquiryColumn id="WORK.PMTFLG.MCB" label="WORK.PMTFLG.MCB"
				type="ALPHANUMERIC" />

			<enquiryColumn id="PERMIT.REF.MCB" label="PERMIT.REF.MCB"
				type="ALPHANUMERIC" />

			<enquiryColumn id="WORK.PMTNAT.MCB" label="WORK.PMTNAT.MCB"
				type="ALPHANUMERIC" />

			<enquiryColumn id="WORK.PMTST.MCB" label="WORK.PMTST.MCB"
				type="ALPHANUMERIC" />

			<enquiryColumn id="WORK.PMTEXP.MCB" label="WORK.PMTEXP.MCB"
				type="ALPHANUMERIC" />

			<enquiryColumn id="OCCUPATION.ID" label="OCCUPATION.ID"
				type="ALPHANUMERIC" />

			<enquiryColumn id="OCCUPATION.DESC" label="OCCUPATION.DESC"
				type="ALPHANUMERIC" />

			<enquiryColumn id="EMPLOYERS.BUSS" label="EMPLOYERS.BUSS"
				type="ALPHANUMERIC" />

			<enquiryColumn id="EMPLOYERS.NAME" label="EMPLOYERS.NAME"
				type="ALPHANUMERIC" />

			<enquiryColumn id="EMPLOYMENT.START" label="EMPLOYMENT.START"
				type="ALPHANUMERIC" />

			<enquiryColumn id="SALARY.DATE.FREQ" label="SALARY.DATE.FREQ"
				type="ALPHANUMERIC" />

			<enquiryColumn id="CUSTOMER.CURRENCY" label="CUSTOMER.CURRENCY"
				type="ALPHANUMERIC" />

			<enquiryColumn id="SALARY" label="SALARY" type="ALPHANUMERIC" />

			<enquiryColumn id="PUR.OF.REL.MCB" label="PUR.OF.REL.MCB"
				type="ALPHANUMERIC" />

			<enquiryColumn id="PUR.RELDESC.MCB" label="PUR.RELDESC.MCB"
				type="ALPHANUMERIC" />

			<enquiryColumn id="INCOME.SRC.MCB" label="INCOME.SRC.MCB"
				type="ALPHANUMERIC" />

			<enquiryColumn id="INCOME.OTH.MCB" label="INCOME.OTH.MCB"
				type="ALPHANUMERIC" />

			<enquiryColumn id="INCOME.CCY.MCB" label="INCOME.CCY.MCB"
				type="ALPHANUMERIC" />

			<enquiryColumn id="INCOME.AMT.MCB" label="INCOME.AMT.MCB"
				type="ALPHANUMERIC" />

			<enquiryColumn id="INCOME.FQU.MCB" label="INCOME.FQU.MCB"
				type="ALPHANUMERIC" />

			<enquiryColumn id="INCOME.END.MCB" label="INCOME.END.MCB"
				type="ALPHANUMERIC" />

			<enquiryColumn id="NAME.1" label="NAME.1" type="ALPHANUMERIC" />

			<enquiryColumn id="NAME.2" label="NAME.2" type="ALPHANUMERIC" />

			<enquiryColumn id="REGIS.NAME.1" label="REGIS.NAME.1"
				type="ALPHANUMERIC" />

			<enquiryColumn id="BIRTH.INCORP.DATE" label="BIRTH.INCORP.DATE"
				type="ALPHANUMERIC" />

			<enquiryColumn id="RISK.GROUP" label="RISK.GROUP" type="ALPHANUMERIC" />

			<enquiryColumn id="RISK.GRP.NAME" label="RISK.GRP.NAME"
				type="ALPHANUMERIC" />

			<enquiryColumn id="COUNTRY.CODE.RISK" label="COUNTRY.CODE.RISK"
				type="ALPHANUMERIC" />

			<enquiryColumn id="CNTR.OF.ECO.INT" label="CNTR.OF.ECO.INT"
				type="ALPHANUMERIC" />

			<enquiryColumn id="INDUSTRY" label="INDUSTRY" type="ALPHANUMERIC" />

			<enquiryColumn id="INDUSTRY.DESC" label="INDUSTRY.DESC"
				type="ALPHANUMERIC" />

			<enquiryColumn id="BUSS.CERT" label="BUSS.CERT" type="ALPHANUMERIC" />

			<enquiryColumn id="BUSS.CERT.EXP.DATE" label="BUSS.CERT.EXP.DATE"
				type="ALPHANUMERIC" />

			<enquiryColumn id="LST.STK.EXC.MCB" label="LST.STK.EXC.MCB"
				type="ALPHANUMERIC" />

			<enquiryColumn id="LST.STK.EXC.MCB.DESC" label="LST.STK.EXC.MCB.DESC"
				type="ALPHANUMERIC" />

			<enquiryColumn id="SHARED.CAPITAL" label="SHARED.CAPITAL"
				type="ALPHANUMERIC" />

			<enquiryColumn id="TOT.NUM.SHARES" label="TOT.NUM.SHARES"
				type="ALPHANUMERIC" />

			<enquiryColumn id="SHAR.HOLDER.MCB" label="SHAR.HOLDER.MCB"
				type="ALPHANUMERIC" />

			<enquiryColumn id="SHAR.HOLDER.MCB.NAME" label="SHAR.HOLDER.MCB.NAME"
				type="ALPHANUMERIC" />

			<enquiryColumn id="NUM.SHARES.MCB" label="NUM.SHARES.MCB"
				type="ALPHANUMERIC" />

			<enquiryColumn id="PER.SHARE.MCB" label="PER.SHARE.MCB"
				type="ALPHANUMERIC" />

			<enquiryColumn id="CNT.SHAREHLDRS" label="CNT.SHAREHLDRS"
				type="ALPHANUMERIC" />

			<enquiryColumn id="BEN.OWNER.MCB" label="BEN.OWNER.MCB"
				type="ALPHANUMERIC" />

			<enquiryColumn id="BEN.OWNER.CTL.MCB" label="BEN.OWNER.CTL.MCB"
				type="ALPHANUMERIC" />

			<enquiryColumn id="NEW.OFF.ID" label="NEW.OFF.ID" type="ALPHANUMERIC" />

			<enquiryColumn id="NEW.OFF.ID.NAME" label="NEW.OFF.ID.NAME"
				type="ALPHANUMERIC" />

			<enquiryColumn id="NEW.OFF.CAP" label="NEW.OFF.CAP"
				type="ALPHANUMERIC" />

			<enquiryColumn id="NEW.OFF.CAP.DESC" label="NEW.OFF.CAP.DESC"
				type="ALPHANUMERIC" />

			<enquiryColumn id="NEW.OFF.ADD" label="NEW.OFF.ADD"
				type="ALPHANUMERIC" />

			<enquiryColumn id="POWERS" label="POWERS" type="ALPHANUMERIC" />

			<enquiryColumn id="POWERS.DESC" label="POWERS.DESC"
				type="ALPHANUMERIC" />

			<enquiryColumn id="SIGN.DOC.DEEDS" label="SIGN.DOC.DEEDS"
				type="ALPHANUMERIC" />

			<enquiryColumn id="ACES.RESTR.TYPE" label="ACES.RESTR.TYPE"
				type="ALPHANUMERIC" />

			<enquiryColumn id="ACES.RESTR.TYPE.DESC" label="ACES.RESTR.TYPE.DESC"
				type="ALPHANUMERIC" />

			<enquiryColumn id="IS.SENSITIVE.CUSTOMER" label="IS.SENSITIVE.CUSTOMER"
				type="ALPHANUMERIC" />

			<enquiryColumn id="CUSTOMER.STATUS" label="CUSTOMER.STATUS"
				type="ALPHANUMERIC" />

			<enquiryColumn id="CUSTOMER.STATUS.DESC" label="CUSTOMER.STATUS.DESC"
				type="ALPHANUMERIC" />

			<enquiryColumn id="IS.ACTIVE.CUSTOMER" label="IS.ACTIVE.CUSTOMER"
				type="ALPHANUMERIC" />

			<enquiryColumn id="LAST.KYC.REVIEW.DATE" label="LAST.KYC.REVIEW.DATE"
				type="ALPHANUMERIC" />

			<enquiryColumn id="DT.LAST.KYC.UPD" label="DT.LAST.KYC.UPD"
				type="ALPHANUMERIC" />

			<enquiryColumn id="KYC.EXP.SUB.MCB" label="KYC.EXP.SUB.MCB"
				type="ALPHANUMERIC" />

			<enquiryColumn id="CAUTION.LISTED" label="CAUTION.LISTED"
				type="ALPHANUMERIC" />

			<enquiryColumn id="CONTENTIEUX.STS" label="CONTENTIEUX.STS"
				type="ALPHANUMERIC" />

			<enquiryColumn id="ONBRD.MTHD.MCB" label="ONBRD.MTHD.MCB"
				type="ALPHANUMERIC" />

			<enquiryColumn id="OBRA.STATUS.MCB" label="OBRA.STATUS.MCB"
				type="ALPHANUMERIC" />

			<enquiryColumn id="OBRA.COMM.MCB" label="OBRA.COMM.MCB"
				type="ALPHANUMERIC" />

			<enquiryColumn id="OBRA.SCORE.MCB" label="OBRA.SCORE.MCB"
				type="ALPHANUMERIC" />

			<enquiryColumn id="OBRA.UPD.ON.MCB" label="OBRA.UPD.ON.MCB"
				type="ALPHANUMERIC" />

			<enquiryColumn id="OBRA.SR.REF.MCB" label="OBRA.SR.REF.MCB"
				type="ALPHANUMERIC" />

			<enquiryColumn id="OBRA.SR.UPD.MCB" label="OBRA.SR.UPD.MCB"
				type="ALPHANUMERIC" />

			<enquiryColumn id="RISK.SCORE.DESC" label="RISK.SCORE.DESC"
				type="ALPHANUMERIC" />

			<enquiryColumn id="RISK.SCORE.UPD.DATE" label="RISK.SCORE.UPD.DATE"
				type="ALPHANUMERIC" />

			<enquiryColumn id="CU.INFO.MARKER" label="CU.INFO.MARKER"
				type="ALPHANUMERIC" />

			<enquiryColumn id="CU.INFO.COMMENT" label="CU.INFO.COMMENT"
				type="ALPHANUMERIC" />

			<enquiryColumn id="INFO.STRT.DATE" label="INFO.STRT.DATE"
				type="ALPHANUMERIC" />

			<enquiryColumn id="INFO.END.DATE" label="INFO.END.DATE"
				type="ALPHANUMERIC" />

			<enquiryColumn id="POSTING.RESTRICT" label="POSTING.RESTRICT"
				type="ALPHANUMERIC" />

			<enquiryColumn id="POSTING.RESTRICT.DESC" label="POSTING.RESTRICT.DESC"
				type="ALPHANUMERIC" />

			<enquiryColumn id="RESTRICTION.TYPE" label="RESTRICTION.TYPE"
				type="ALPHANUMERIC" />

			<enquiryColumn id="PR.NARRATIVE" label="PR.NARRATIVE"
				type="ALPHANUMERIC" />

			<enquiryColumn id="EXE.CASH.LIMIT" label="EXE.CASH.LIMIT"
				type="ALPHANUMERIC" />

			<enquiryColumn id="LANGUAGE" label="LANGUAGE" type="ALPHANUMERIC" />

			<enquiryColumn id="LANGUAGE.DESC" label="LANGUAGE.DESC"
				type="ALPHANUMERIC" />

			<enquiryColumn id="COMM.CHANNEL" label="COMM.CHANNEL"
				type="ALPHANUMERIC" />

			<enquiryColumn id="MAIL.CANCELLED" label="MAIL.CANCELLED"
				type="ALPHANUMERIC" />

			<enquiryColumn id="PHONE.1" label="PHONE.1" type="ALPHANUMERIC" />

			<enquiryColumn id="OFF.PHONE" label="OFF.PHONE" type="ALPHANUMERIC" />

			<enquiryColumn id="FAX.1" label="FAX.1" type="ALPHANUMERIC" />

			<enquiryColumn id="MOB.OPER.ISO" label="MOB.OPER.ISO"
				type="ALPHANUMERIC" />

			<enquiryColumn id="MOB.OPER.CODE" label="MOB.OPER.CODE"
				type="ALPHANUMERIC" />

			<enquiryColumn id="SMS.FORMATTED" label="SMS.FORMATTED"
				type="ALPHANUMERIC" />

			<enquiryColumn id="SMS.1" label="SMS.1" type="ALPHANUMERIC" />

			<enquiryColumn id="EMAIL.1" label="EMAIL.1" type="ALPHANUMERIC" />

			<enquiryColumn id="SIG.IMAGE.KEY" label="SIG.IMAGE.KEY"
				type="ALPHANUMERIC" />

			<enquiryColumn id="SIG.SHORT.DESCRIPTION" label="SIG.SHORT.DESCRIPTION"
				type="ALPHANUMERIC" />

			<enquiryColumn id="SIGNATORY.CIR.LIST" label="SIGNATORY.CIR.LIST"
				type="ALPHANUMERIC" />

			<enquiryColumn id="SIG.CTIF.CHL.ID" label="SIG.CTIF.CHL.ID"
				type="ALPHANUMERIC" />

			<enquiryColumn id="SIG.CTIF.CHL.REQ" label="SIG.CTIF.CHL.REQ"
				type="ALPHANUMERIC" />

			<enquiryColumn id="LEGAL.ID" label="LEGAL.ID" type="ALPHANUMERIC" />

			<enquiryColumn id="LEGAL.DOC.NAME" label="LEGAL.DOC.NAME"
				type="ALPHANUMERIC" />

			<enquiryColumn id="LEGAL.ISS.AUTH" label="LEGAL.ISS.AUTH"
				type="ALPHANUMERIC" />

			<enquiryColumn id="LEGAL.ISS.DATE" label="LEGAL.ISS.DATE"
				type="ALPHANUMERIC" />

			<enquiryColumn id="LEGAL.EXP.DATE" label="LEGAL.EXP.DATE"
				type="ALPHANUMERIC" />

			<enquiryColumn id="COUNTRY.OF.ISSUE" label="COUNTRY.OF.ISSUE"
				type="ALPHANUMERIC" />

			<enquiryColumn id="COMPANY.BOOK" label="COMPANY.BOOK"
				type="ALPHANUMERIC" />

			<enquiryColumn id="INPUTTER" label="INPUTTER" type="ALPHANUMERIC" />

			<enquiryColumn id="INPUT.SIGN.ON" label="INPUT.SIGN.ON"
				type="ALPHANUMERIC" />

			<enquiryColumn id="DATE.TIME" label="DATE.TIME" type="ALPHANUMERIC" />

			<enquiryColumn id="AUTHORISER" label="AUTHORISER" type="ALPHANUMERIC" />

			<enquiryColumn id="AUTH.SIGN.ON" label="AUTH.SIGN.ON"
				type="ALPHANUMERIC" />

			<enquiryColumn id="CO.CODE" label="CO.CODE" type="ALPHANUMERIC" />

			<enquiryColumn id="LEGAL.STATUS.ID" label="LEGAL.STATUS.ID"
				type="ALPHANUMERIC" />

			<enquiryColumn id="LEGAL.STATUS.DESC" label="LEGAL.STATUS.DESC"
				type="ALPHANUMERIC" />

			<enquiryColumn id="IS.TAXABLE" label="IS.TAXABLE" type="ALPHANUMERIC" />

			<enquiryColumn id="SECTOR" label="SECTOR" type="ALPHANUMERIC" />

			<enquiryColumn id="SECTOR.DESC" label="SECTOR.DESC"
				type="ALPHANUMERIC" />

			<enquiryColumn id="CB.SECTOR.CODE" label="CB.SECTOR.CODE"
				type="ALPHANUMERIC" />

			<enquiryColumn id="CB.SECTOR.DESC" label="CB.SECTOR.DESC"
				type="ALPHANUMERIC" />

			<enquiryColumn id="TARGET" label="TARGET" type="ALPHANUMERIC" />

			<enquiryColumn id="TARGET.DESC" label="TARGET.DESC"
				type="ALPHANUMERIC" />

			<enquiryColumn id="VIP" label="VIP" type="ALPHANUMERIC" />

			<enquiryColumn id="CATEGORY" label="CATEGORY" type="ALPHANUMERIC" />

			<enquiryColumn id="CATEGORY.DESC" label="CATEGORY.DESC"
				type="ALPHANUMERIC" />

			<enquiryColumn id="CB.CLASS" label="CB.CLASS" type="ALPHANUMERIC" />

			<enquiryColumn id="CB.CLASS.DESC" label="CB.CLASS.DESC"
				type="ALPHANUMERIC" />

			<enquiryColumn id="CORP.SCHEME" label="CORP.SCHEME"
				type="ALPHANUMERIC" />

			<enquiryColumn id="CORP.SCHEME.DESC" label="CORP.SCHEME.DESC"
				type="ALPHANUMERIC" />

			<enquiryColumn id="DEF.CHARGE.CODE" label="DEF.CHARGE.CODE"
				type="ALPHANUMERIC" />

			<enquiryColumn id="DEF.CHARGE.FREQUENCY" label="DEF.CHARGE.FREQUENCY"
				type="ALPHANUMERIC" />

			<enquiryColumn id="CHARGE.APPLIES" label="CHARGE.APPLIES"
				type="ALPHANUMERIC" />

			<enquiryColumn id="CLASSIFICATION" label="CLASSIFICATION"
				type="ALPHANUMERIC" />

			<enquiryColumn id="CLASSIFICATION.DESC" label="CLASSIFICATION.DESC"
				type="ALPHANUMERIC" />

			<enquiryColumn id="IFRS.CLASIF.MCB" label="IFRS.CLASIF.MCB"
				type="ALPHANUMERIC" />

			<enquiryColumn id="CHARGE.CODE" label="CHARGE.CODE"
				type="ALPHANUMERIC" />

			<enquiryColumn id="CHARGE.FREQUENCY" label="CHARGE.FREQUENCY"
				type="ALPHANUMERIC" />

			<enquiryColumn id="DEBIT.ACCOUNT.NUMBER" label="DEBIT.ACCOUNT.NUMBER"
				type="ALPHANUMERIC" />

			<enquiryColumn id="RESIDENCE" label="RESIDENCE" type="ALPHANUMERIC" />

			<enquiryColumn id="RESIDENCE.NUM" label="RESIDENCE.NUM"
				type="ALPHANUMERIC" />

			<enquiryColumn id="RESIDENCE.DESC" label="RESIDENCE.DESC"
				type="ALPHANUMERIC" />

			<enquiryColumn id="RESIDENCE.SINCE.DATE" label="RESIDENCE.SINCE.DATE"
				type="ALPHANUMERIC" />

			<enquiryColumn id="RESIDENCE.STATUS" label="RESIDENCE.STATUS"
				type="ALPHANUMERIC" />

			<enquiryColumn id="RESIDENCE.STATUS.DESC" label="RESIDENCE.STATUS.DESC"
				type="ALPHANUMERIC" />

			<enquiryColumn id="RES.STATUS" label="RES.STATUS" type="ALPHANUMERIC" />

			<enquiryColumn id="IS.SENSITIVE.RESIDENCE" label="IS.SENSITIVE.RESIDENCE"
				type="ALPHANUMERIC" />

			<enquiryColumn id="NATIONALITY" label="NATIONALITY"
				type="ALPHANUMERIC" />

			<enquiryColumn id="NATIONALITY.NUM" label="NATIONALITY.NUM"
				type="ALPHANUMERIC" />

			<enquiryColumn id="NATIONALITY.DESC" label="NATIONALITY.DESC"
				type="ALPHANUMERIC" />

			<enquiryColumn id="OTHER.NATIONALITY" label="OTHER.NATIONALITY"
				type="ALPHANUMERIC" />

			<enquiryColumn id="OTHER.NATIONALITY.NUM" label="OTHER.NATIONALITY.NUM"
				type="ALPHANUMERIC" />

			<enquiryColumn id="OTHER.NATIONALITY.DESC" label="OTHER.NATIONALITY.DESC"
				type="ALPHANUMERIC" />

			<enquiryColumn id="COUNTRY.TAX.MCB" label="COUNTRY.TAX.MCB"
				type="ALPHANUMERIC" />

			<enquiryColumn id="TAX.REGIM.MCB" label="TAX.REGIM.MCB"
				type="ALPHANUMERIC" />

			<enquiryColumn id="RECALCITRANT.MCB" label="RECALCITRANT.MCB"
				type="ALPHANUMERIC" />

			<enquiryColumn id="TAX.CLASS.MCB" label="TAX.CLASS.MCB"
				type="ALPHANUMERIC" />

			<enquiryColumn id="TAX.CLASS.MCB.DESC" label="TAX.CLASS.MCB.DESC"
				type="ALPHANUMERIC" />

			<enquiryColumn id="TAX.REPORT.MCB" label="TAX.REPORT.MCB"
				type="ALPHANUMERIC" />

			<enquiryColumn id="TAX.NUMBER.MCB" label="TAX.NUMBER.MCB"
				type="ALPHANUMERIC" />

			<enquiryColumn id="TAXABLE.MCB" label="TAXABLE.MCB"
				type="ALPHANUMERIC" />

			<enquiryColumn id="DE.ADDRESS.ID" label="DE.ADDRESS.ID"
				type="ALPHANUMERIC" />

			<enquiryColumn id="SHORT.NAME" label="SHORT.NAME" type="ALPHANUMERIC" />

			<enquiryColumn id="NAME.1" label="NAME.1" type="ALPHANUMERIC" />

			<enquiryColumn id="NAME.2" label="NAME.2" type="ALPHANUMERIC" />

			<enquiryColumn id="CONTACT.ADD" label="CONTACT.ADD"
				type="ALPHANUMERIC" />

			<enquiryColumn id="STREET.ADDR" label="STREET.ADDR"
				type="ALPHANUMERIC" />

			<enquiryColumn id="ADDRESS.LINE2" label="ADDRESS.LINE2"
				type="ALPHANUMERIC" />

			<enquiryColumn id="ADDRESS.LINE3" label="ADDRESS.LINE3"
				type="ALPHANUMERIC" />

			<enquiryColumn id="TOWN.COUNTRY" label="TOWN.COUNTRY"
				type="ALPHANUMERIC" />

			<enquiryColumn id="POST.CODE" label="POST.CODE" type="ALPHANUMERIC" />

			<enquiryColumn id="COUNTRY" label="COUNTRY" type="ALPHANUMERIC" />

			<enquiryColumn id="COUNTRY.CODE" label="COUNTRY.CODE"
				type="ALPHANUMERIC" />

			<enquiryColumn id="COUNTRY.CODE.NUM" label="COUNTRY.CODE.NUM"
				type="ALPHANUMERIC" />

			<enquiryColumn id="DESPATCH.CODE" label="DESPATCH.CODE"
				type="ALPHANUMERIC" />

			<enquiryColumn id="DE.EMAIL.ID" label="DE.EMAIL.ID"
				type="ALPHANUMERIC" />

			<enquiryColumn id="DE.EMAIL.SHORT.NAME" label="DE.EMAIL.SHORT.NAME"
				type="ALPHANUMERIC" />

			<enquiryColumn id="DE.EMAIL.1" label="DE.EMAIL.1" type="ALPHANUMERIC" />

			<enquiryColumn id="AO.CODE" label="AO.CODE" type="ALPHANUMERIC" />

			<enquiryColumn id="AO.SIGN.ON" label="AO.SIGN.ON" type="ALPHANUMERIC" />

			<enquiryColumn id="AO.NAME" label="AO.NAME" type="ALPHANUMERIC" />

			<enquiryColumn id="AO.BU.CODE" label="AO.BU.CODE" type="ALPHANUMERIC" />

			<enquiryColumn id="AO.BU.NAME" label="AO.BU.NAME" type="ALPHANUMERIC" />

			<enquiryColumn id="AO.TEL.NO" label="AO.TEL.NO" type="ALPHANUMERIC" />

			<enquiryColumn id="AO.EMAIL.ADDRESS" label="AO.EMAIL.ADDRESS"
				type="ALPHANUMERIC" />

			<enquiryColumn id="ALT.AO.CODE" label="ALT.AO.CODE"
				type="ALPHANUMERIC" />

			<enquiryColumn id="ALT.AO.SIGN.ON" label="ALT.AO.SIGN.ON"
				type="ALPHANUMERIC" />

			<enquiryColumn id="ALT.AO.NAME" label="ALT.AO.NAME"
				type="ALPHANUMERIC" />

			<enquiryColumn id="ALT.AO.TEL.NO" label="ALT.AO.TEL.NO"
				type="ALPHANUMERIC" />

			<enquiryColumn id="ALT.AO.EMAIL.ADDRESS" label="ALT.AO.EMAIL.ADDRESS"
				type="ALPHANUMERIC" />

			<enquiryColumn id="CR.CODE" label="CR.CODE" type="ALPHANUMERIC" />

			<enquiryColumn id="CO.SIGN.ON" label="CO.SIGN.ON" type="ALPHANUMERIC" />

			<enquiryColumn id="CO.NAME" label="CO.NAME" type="ALPHANUMERIC" />

			<enquiryColumn id="CO.TEL.NO" label="CO.TEL.NO" type="ALPHANUMERIC" />

			<enquiryColumn id="CO.EMAIL.ADDRESS" label="CO.EMAIL.ADDRESS"
				type="ALPHANUMERIC" />

			<enquiryColumn id="ALT.CO.CODE" label="ALT.CO.CODE"
				type="ALPHANUMERIC" />

			<enquiryColumn id="ALT.CO.SIGN.ON" label="ALT.CO.SIGN.ON"
				type="ALPHANUMERIC" />

			<enquiryColumn id="ALT.CO.NAME" label="ALT.CO.NAME"
				type="ALPHANUMERIC" />

			<enquiryColumn id="ALT.CO.TEL.NO" label="ALT.CO.TEL.NO"
				type="ALPHANUMERIC" />

			<enquiryColumn id="ALT.CO.EMAIL.ADDRESS" label="ALT.CO.EMAIL.ADDRESS"
				type="ALPHANUMERIC" />

			<enquiryColumn id="CA.CODE" label="CA.CODE" type="ALPHANUMERIC" />

			<enquiryColumn id="CA.SIGN.ON" label="CA.SIGN.ON" type="ALPHANUMERIC" />

			<enquiryColumn id="CA.NAME" label="CA.NAME" type="ALPHANUMERIC" />

			<enquiryColumn id="CA.TEL.NO" label="CA.TEL.NO" type="ALPHANUMERIC" />

			<enquiryColumn id="CA.EMAIL.ADDRESS" label="CA.EMAIL.ADDRESS"
				type="ALPHANUMERIC" />

			<enquiryColumn id="ALT.CA.CODE" label="ALT.CA.CODE"
				type="ALPHANUMERIC" />

			<enquiryColumn id="ALT.CA.SIGN.ON" label="ALT.CA.SIGN.ON"
				type="ALPHANUMERIC" />

			<enquiryColumn id="ALT.CA.NAME" label="ALT.CA.NAME"
				type="ALPHANUMERIC" />

			<enquiryColumn id="ALT.CA.TEL.NO" label="ALT.CA.TEL.NO"
				type="ALPHANUMERIC" />

			<enquiryColumn id="ALT.CA.EMAIL.ADDRESS" label="ALT.CA.EMAIL.ADDRESS"
				type="ALPHANUMERIC" />

			<enquiryRecord>

				<column>0</column>

				<column />

				<column>0</column>

				<column />

				<column />

				<column>20200410</column>

				<column>4593</column>

				<column>SHORT.NAME4593</column>

				<column>N</column>

				<column>19970530</column>

				<column />

				<column>FORMERLY KNOWN AS DESIGN SERVICES|LIMITED 08 06 2005||SOLE
					SHAREHOLDER: ARUP GROUP|LIMITED (PENDING RECEIPT OF KYC)||FORMERLY
					KNOWN AS ARUP-S.I.G.M.A|LTD, CHANGE OF NAME DATED|11.07.2019.
				</column>

				<column />

				<column />

				<column />

				<column />

				<column />

				<column />

				<column />

				<column />

				<column />

				<column />

				<column />

				<column />

				<column />

				<column />

				<column />

				<column />

				<column />

				<column />

				<column />

				<column />

				<column />

				<column />

				<column />

				<column />

				<column />

				<column />

				<column />

				<column />

				<column />

				<column />

				<column />

				<column />

				<column />

				<column />

				<column />

				<column />

				<column />

				<column />

				<column />

				<column />

				<column />

				<column />

				<column />

				<column />

				<column />

				<column />

				<column />

				<column />

				<column />

				<column />

				<column>19770809</column>

				<column>1403152</column>

				<column>NAME-11403152_</column>

				<column>MU</column>

				<column>MU</column>

				<column>4550</column>

				<column>OTHER CONSTRUCTION WORKS AND CIVIL </column>

				<column />

				<column />

				<column />

				<column />

				<column>150000</column>

				<column>1500</column>

				<column />

				<column />

				<column />

				<column />

				<column />

				<column />

				<column />

				<column>9079|736222|3513|15672|277330|1642075|1740924</column>

				<column>SHORT.NAME9079|SHORT.NAME736222|SHORT.NAME3513|SHORT.NAME15672|SHORT.NAME277330|SHORT.NAME1642075|SHORT.NAME1740924
				</column>

				<column>3|3|3|3|14|14|5</column>

				<column>DIRECTOR|DIRECTOR|DIRECTOR|DIRECTOR|SIGNATORY|SIGNATORY|SECRETARY
				</column>

				<column>||||||</column>

				<column />

				<column />

				<column>2 SIGS: ANY TWO OF MR DERICK STEINHOBEL, MR JAMES OPPENHEIM,
					MRS|CHRISTINE RASZY, MR MICHAEL SEW CHUNG HONG.||BILLS OF EXCHANGE,
					PROMISSORY NOTES:SAME AS ABOVE.</column>

				<column>100</column>

				<column>NON-SENSITIVE CUSTOMER</column>

				<column>N</column>

				<column>10</column>

				<column>ACTIVE</column>

				<column>Y</column>

				<column>20101011</column>

				<column>N</column>

				<column />

				<column>N</column>

				<column>N</column>

				<column />

				<column />

				<column />

				<column />

				<column />

				<column />

				<column />

				<column>LOW</column>

				<column>20190720</column>

				<column>TRC|IRT</column>

				<column>TREASURY COUNTERPARTY|Customer has returned mails</column>

				<column>20161124|20191223</column>

				<column>29991231|29991231</column>

				<column />

				<column />

				<column />

				<column />

				<column />

				<column />

				<column />

				<column>BY EMAIL</column>

				<column>N</column>

				<column />

				<column />

				<column />

				<column />

				<column />

				<column />

				<column />

				<column>CHRISTINE.RASZY@ARUP.COM</column>

				<column>IM1515400347|IM1413500453|IM1305300296|IM1228500069|IM0000283394|IM0000283393|IM0000283392|IM0000283391|IM0000283390|IM0000283389|IM0000283388|IM0000283387|IM0000283386|IM0000283385|IM0000283384
				</column>

				<column>MRS CHRISTINE RASZY|MR MICHAEL SEW CHUNG HONG|ARUP -
					S.I.G.M.A. LTD|MR JOSEPH RENE PATRICK HAREL|STEINHOBEL DERICK
					ANDRE|STEINHOBEL DERICK ANDRE|STEINHOBEL DERICK ANDRE|MC MILLAN
					CLIFFORD MATCHAM MR|HAREL MR PATRICK MR|DESJARDINS MR PIERRE
					MR|OPPENHEIM JAMES MR|OPPENHEIM JAMES MR|DESJARDINS MR N P|MC
					GREGOR MR R|SCOTT MR HAMISH</column>

				<column>||||||||||||||</column>

				<column>||||||||||||||</column>

				<column>||||||||||||||</column>

				<column>2883|C06002883</column>

				<column>INO|BRN</column>

				<column>NOT AVAILABLE|REG OF BUSINESSES</column>

				<column>20101011|20110310</column>

				<column>29990101|29990101</column>

				<column>MU|MU</column>

				<column>MU0010044</column>

				<column>SERVICES.USER</column>

				<column>SERVICE01</column>

				<column>202003171644</column>

				<column>SERVICES.USER</column>

				<column>SERVICE01</column>

				<column>MU0010001</column>

				<column>02</column>

				<column>PRIVATE COMPANY</column>

				<column />

				<column>3000</column>

				<column>CORPORATE</column>

				<column>0509</column>

				<column>OTHER CONSTRUCTION</column>

				<column>3012</column>

				<column>SMALL CORPORATE</column>

				<column />

				<column>0015</column>

				<column>SMALL CAP</column>

				<column>11</column>

				<column>OTHER NON-FINANCIAL CORP</column>

				<column />

				<column />

				<column />

				<column />

				<column>N</column>

				<column />

				<column />

				<column>CORP</column>

				<column>FTIBC01</column>

				<column>20200501M0101</column>

				<column>000010160388</column>

				<column>MU</column>

				<column />

				<column>MAURITIUS</column>

				<column />

				<column />

				<column />

				<column>RE</column>

				<column>N</column>

				<column />

				<column />

				<column />

				<column />

				<column />

				<column />

				<column>MU</column>

				<column>MU</column>

				<column>N</column>

				<column />

				<column />

				<column>N</column>

				<column />

				<column />

				<column>MU0010001.C-4593.PRINT.1|MU0010001.C-4593.PRINT.2|MU0010001.C-4593.EXTPWC.1
				</column>

				<column>SH.NAME|SH.NAME|SH.NAME</column>

				<column>NAME-1|NAME-1|NAME-1</column>

				<column>|NAME-2|</column>

				<column>||ARUP(MAURITIUS) LTD</column>

				<column>STREET-ADDR|STREET-ADDR|STREET-ADDR</column>

				<column>BAGATELLE|19, RUE DE L'EGLISE|BAGATELLE</column>

				<column>||</column>

				<column>CUREPIPE|CUREPIPE|CUREPIPE</column>

				<column>||</column>

				<column>COUNTRY|COUNTRY|COUNTRY</column>

				<column>MU|MU|MU</column>

				<column>480|480|480</column>

				<column>MA|MA|MA</column>

				<column>MU0010001.C-4593.EMAIL.1|MU0010001.C-4593.EMAILLOAN.1|MU0010001.C-4593.EMAILTF.1
				</column>

				<column>SH.NAME|SH.NAME|SH.NAME</column>

				<column>CHRISTINE.RASZY@ARUP.COM|CHRISTINE.RASZY@ARUP.COM|CHRISTINE.RASZY@ARUP.COM
				</column>

				<column>3447</column>

				<column>mooson</column>

				<column>MOONISHA SONEA</column>

				<column>01CB0401</column>

				<column>CORPORATE BANKING</column>

				<column>2026141</column>

				<column>moonisha.sonea@mcb.mu</column>

				<column>3205</column>

				<column>malaut</column>

				<column>MALINI AUTAR</column>

				<column>2025197</column>

				<column>Malini.Autar@mcb.mu</column>

				<column>4537</column>

				<column>duydil</column>

				<column>DUYMUN DILSHAAD</column>

				<column />

				<column>dilshaad.duymun@mcb.mu</column>

				<column>3020</column>

				<column>stelat</column>

				<column>STEPHAN LATCHIGADU</column>

				<column />

				<column>stephan.latchigadu@mcb.mu</column>

				<column>4440</column>

				<column>nousha</column>

				<column>NOUSHREEN SHAIK RAMAN</column>

				<column />

				<column>noushreen.shaikraman@mcb.mu</column>

				<column>4655</column>

				<column>nalpon</column>

				<column>NALINI PONNIAH RENGASAMY</column>

				<column />

				<column>nalpon@mcb.local</column>

			</enquiryRecord>

		</ofsStandardEnquiry>

	</serviceResponse>

</T24>